1,AGGREGATION::compute-objective-scores
2,AGGREGATION::compute-stakeholder-scores
3,AGGREGATION::compute-value
4,AGGREGATION::get-objective-scores
5,AGGREGATION::get-stakeholder-scores
6,AGGREGATION::get-subobjective-scores
7,ASSIMILATION2::modify-temporal-resolution
8,CAPABILITIES-CROSS-REGISTER::cross-register-measurements-from-cross-registered-instruments
9,CAPABILITIES-GENERATE::ACE_CPR-measurements
10,CAPABILITIES-GENERATE::ACE_LID-measurements
11,CAPABILITIES-GENERATE::ACE_ORCA-measurements
12,CAPABILITIES-GENERATE::ACE_POL-measurements
13,CAPABILITIES-GENERATE::CLAR_ERB-measurements
14,CAPABILITIES-GENERATE::CNES_KaRIN-measurements
15,CAPABILITIES-GENERATE::DESD_LID-measurements
16,CAPABILITIES-GENERATE::DESD_SAR-measurements
17,CAPABILITIES-GENERATE::GACM_SWIR-measurements
18,CAPABILITIES-GENERATE::GACM_VIS-measurements
19,CAPABILITIES-GENERATE::HYSP_TIR-measurements
20,CAPABILITIES-GENERATE::POSTEPS_IRS-measurements
21,CAPABILITIES-GENERATE::inherit-Manifested-instrument-Accuracy#-TO-Measurement
22,CAPABILITIES-GENERATE::inherit-Manifested-instrument-Accuracy-TO-Measurement
23,CAPABILITIES-GENERATE::inherit-Manifested-instrument-Accuracy2-TO-Measurement
24,CAPABILITIES-GENERATE::inherit-Manifested-instrument-All-weather-TO-Measurement
25,CAPABILITIES-GENERATE::inherit-Manifested-instrument-Day-Night-TO-Measurement
26,CAPABILITIES-GENERATE::inherit-Manifested-instrument-Field-of-view#-TO-Measurement
27,CAPABILITIES-GENERATE::inherit-Manifested-instrument-Geometry-TO-Measurement
28,CAPABILITIES-GENERATE::inherit-Manifested-instrument-High-lat-sensitivity-TO-Measurement
29,CAPABILITIES-GENERATE::inherit-Manifested-instrument-Horizontal-Spatial-Resolution#-TO-Measurement
30,CAPABILITIES-GENERATE::inherit-Manifested-instrument-Horizontal-Spatial-Resolution-Along-track#-TO-Measurement
31,CAPABILITIES-GENERATE::inherit-Manifested-instrument-Horizontal-Spatial-Resolution-Along-track-TO-Measurement
32,CAPABILITIES-GENERATE::inherit-Manifested-instrument-Horizontal-Spatial-Resolution-Cross-track#-TO-Measurement
33,CAPABILITIES-GENERATE::inherit-Manifested-instrument-Horizontal-Spatial-Resolution-Cross-track-TO-Measurement
34,CAPABILITIES-GENERATE::inherit-Manifested-instrument-Horizontal-Spatial-Resolution-TO-Measurement
35,CAPABILITIES-GENERATE::inherit-Manifested-instrument-Horizontal-Spatial-Resolution2-TO-Measurement
36,CAPABILITIES-GENERATE::inherit-Manifested-instrument-Illumination-TO-Measurement
37,CAPABILITIES-GENERATE::inherit-Manifested-instrument-On-board-calibration-TO-Measurement
38,CAPABILITIES-GENERATE::inherit-Manifested-instrument-Penetration-TO-Measurement
39,CAPABILITIES-GENERATE::inherit-Manifested-instrument-Pointing-capability-TO-Measurement
40,CAPABILITIES-GENERATE::inherit-Manifested-instrument-Polarimetry-TO-Measurement
41,CAPABILITIES-GENERATE::inherit-Manifested-instrument-Radiometric-accuracy#-TO-Measurement
42,CAPABILITIES-GENERATE::inherit-Manifested-instrument-Radiometric-accuracy-TO-Measurement
43,CAPABILITIES-GENERATE::inherit-Manifested-instrument-Spectral-region-TO-Measurement
44,CAPABILITIES-GENERATE::inherit-Manifested-instrument-Spectral-resolution#-TO-Measurement
45,CAPABILITIES-GENERATE::inherit-Manifested-instrument-Spectral-resolution-TO-Measurement
46,CAPABILITIES-GENERATE::inherit-Manifested-instrument-Spectral-sampling-TO-Measurement
47,CAPABILITIES-GENERATE::inherit-Manifested-instrument-Swath#-TO-Measurement
48,CAPABILITIES-GENERATE::inherit-Manifested-instrument-Swath-TO-Measurement
49,CAPABILITIES-GENERATE::inherit-Manifested-instrument-Swath2-TO-Measurement
50,CAPABILITIES-GENERATE::inherit-Manifested-instrument-Temporal-resolution#-TO-Measurement
51,CAPABILITIES-GENERATE::inherit-Manifested-instrument-Temporal-resolution-TO-Measurement
52,CAPABILITIES-GENERATE::inherit-Manifested-instrument-ThreeD-TO-Measurement
53,CAPABILITIES-GENERATE::inherit-Manifested-instrument-Vertical-Spatial-Resolution#-TO-Measurement
54,CAPABILITIES-GENERATE::inherit-Manifested-instrument-Vertical-Spatial-Resolution-TO-Measurement
55,CAPABILITIES-GENERATE::inherit-Manifested-instrument-avg-revisit-time-US#-TO-Measurement
56,CAPABILITIES-GENERATE::inherit-Manifested-instrument-avg-revisit-time-cold-regions#-TO-Measurement
57,CAPABILITIES-GENERATE::inherit-Manifested-instrument-avg-revisit-time-global#-TO-Measurement
58,CAPABILITIES-GENERATE::inherit-Manifested-instrument-avg-revisit-time-northern-hemisphere#-TO-Measurement
59,CAPABILITIES-GENERATE::inherit-Manifested-instrument-avg-revisit-time-southern-hemisphere#-TO-Measurement
60,CAPABILITIES-GENERATE::inherit-Manifested-instrument-avg-revisit-time-tropics#-TO-Measurement
61,CAPABILITIES-GENERATE::inherit-Manifested-instrument-band-TO-Measurement
62,CAPABILITIES-GENERATE::inherit-Manifested-instrument-data-rate-duty-cycle#-TO-Measurement
63,CAPABILITIES-GENERATE::inherit-Manifested-instrument-flies-in-TO-Measurement
64,CAPABILITIES-GENERATE::inherit-Manifested-instrument-image-distortion#-TO-Measurement
65,CAPABILITIES-GENERATE::inherit-Manifested-instrument-launch-date-TO-Measurement
66,CAPABILITIES-GENERATE::inherit-Manifested-instrument-lifetime-TO-Measurement
67,CAPABILITIES-GENERATE::inherit-Manifested-instrument-mission-architecture-TO-Measurement
68,CAPABILITIES-GENERATE::inherit-Manifested-instrument-num-of-planes#-TO-Measurement
69,CAPABILITIES-GENERATE::inherit-Manifested-instrument-num-of-sats-per-plane#-TO-Measurement
70,CAPABILITIES-GENERATE::inherit-Manifested-instrument-orbit-RAAN-TO-Measurement
71,CAPABILITIES-GENERATE::inherit-Manifested-instrument-orbit-altitude#-TO-Measurement
72,CAPABILITIES-GENERATE::inherit-Manifested-instrument-orbit-anomaly#-TO-Measurement
73,CAPABILITIES-GENERATE::inherit-Manifested-instrument-orbit-inclination-TO-Measurement
74,CAPABILITIES-GENERATE::inherit-Manifested-instrument-orbit-string-TO-Measurement
75,CAPABILITIES-GENERATE::inherit-Manifested-instrument-orbit-type-TO-Measurement
76,CAPABILITIES-GENERATE::inherit-Manifested-instrument-power-duty-cycle#-TO-Measurement
77,CAPABILITIES-GENERATE::inherit-Manifested-instrument-rms-system-instrument#-TO-Measurement
78,CAPABILITIES-GENERATE::inherit-Manifested-instrument-sensitivity#-TO-Measurement
79,CAPABILITIES-GENERATE::inherit-Manifested-instrument-sensitivity-NEDT#-TO-Measurement
80,CAPABILITIES-GENERATE::inherit-Manifested-instrument-sensitivity-in-cirrus-TO-Measurement
81,CAPABILITIES-GENERATE::inherit-Manifested-instrument-sensitivity-in-convective-clouds-TO-Measurement
82,CAPABILITIES-GENERATE::inherit-Manifested-instrument-sensitivity-in-low-troposphere-PBL-TO-Measurement
83,CAPABILITIES-GENERATE::inherit-Manifested-instrument-sensitivity-in-upper-stratosphere-TO-Measurement
84,CAPABILITIES-GENERATE::inherit-Manifested-instrument-sensitivity-in-upper-troposphere-and-stratosphere-TO-Measurement
85,CAPABILITIES-GENERATE::inherit-Manifested-instrument-sensitivity-over-lands-TO-Measurement
86,CAPABILITIES-GENERATE::inherit-Manifested-instrument-sensitivity-over-oceans-TO-Measurement
87,CAPABILITIES-GENERATE::inherit-Manifested-instrument-soil-penetration#-TO-Measurement
88,CAPABILITIES-GENERATE::inherit-Manifested-instrument-spectral-bands-TO-Measurement
89,CAPABILITIES-REMOVE-OVERLAPS::cross-registered-remove-overlaps
90,CAPABILITIES::basic-diurnal-cycle
91,CAPABILITIES::chemistry-instruments-prefer-PM-orbits-effect-on-science-strato
92,CAPABILITIES::chemistry-instruments-prefer-PM-orbits-effect-on-science-tropo
93,CAPABILITIES::compute-image-distortion-in-side-looking-instruments
94,CAPABILITIES::compute-soil-penetration
95,CAPABILITIES::cryospheric-instruments-want-polar-orbits
96,CAPABILITIES::global-or-regional-coverage
97,CAPABILITIES::hires-passive-optical-imagers-prefer-AM-orbits-effect-on-science
98,CAPABILITIES::image-distortion-at-low-altitudes-in-side-looking-instruments
99,CAPABILITIES::passive-optical-instruments-cannot-measure-in-dark
100,CAPABILITIES::resource-limitations-datarate
101,CAPABILITIES::resource-limitations-power
102,CAPABILITIES::two-lidars-at-same-frequency-cannot-work
103,CLEAN1::clean
104,CLEAN2::clean
105,DOWN-SELECTION::delete-archs-not-enough-pareto-ranking
106,DOWN-SELECTION::delete-archs-too-expensive
107,DOWN-SELECTION::delete-archs-too-little-benefit
108,DOWN-SELECTION::delete-archs-too-little-utility
109,FUZZY-AGGREGATION::compute-objective-scores
110,FUZZY-AGGREGATION::compute-stakeholder-scores
111,FUZZY-AGGREGATION::compute-value
112,FUZZY-AGGREGATION::get-objective-scores
113,FUZZY-AGGREGATION::get-stakeholder-scores
114,FUZZY-AGGREGATION::get-subobjective-scores
115,FUZZY-COST-ESTIMATION::estimate-bus-TFU-recurring-cost
116,FUZZY-COST-ESTIMATION::estimate-bus-non-recurring-cost
117,FUZZY-COST-ESTIMATION::estimate-instrument-cost
118,FUZZY-COST-ESTIMATION::estimate-integration-and-testing-cost
119,FUZZY-COST-ESTIMATION::estimate-lifecycle-mission-cost
120,FUZZY-COST-ESTIMATION::estimate-operations-cost-std
121,FUZZY-COST-ESTIMATION::estimate-operations-cost-with-ground-station-penalty
122,FUZZY-COST-ESTIMATION::estimate-payload-cost2
123,FUZZY-COST-ESTIMATION::estimate-program-overhead-cost
124,FUZZY-COST-ESTIMATION::estimate-spacecraft-cost-dedicated
125,FUZZY-COST-ESTIMATION::estimate-total-mission-cost-non-recurring
126,FUZZY-COST-ESTIMATION::estimate-total-mission-cost-recurring
127,FUZZY-COST-ESTIMATION::estimate-total-mission-cost-with-overruns
128,FUZZY-COST-ESTIMATION::estimate-total-mission-cost-with-overruns-when-partnership
129,FUZZY-REQUIREMENTS::ATM1-1-attrib
130,FUZZY-REQUIREMENTS::ATM10-1-attrib
131,FUZZY-REQUIREMENTS::ATM10-2-attrib
132,FUZZY-REQUIREMENTS::ATM10-3-attrib
133,FUZZY-REQUIREMENTS::ATM10-4-attrib
134,FUZZY-REQUIREMENTS::ATM10-5-attrib
135,FUZZY-REQUIREMENTS::ATM10-6-attrib
136,FUZZY-REQUIREMENTS::ATM10-7-attrib
137,FUZZY-REQUIREMENTS::ATM11-1-attrib
138,FUZZY-REQUIREMENTS::ATM11-2-attrib
139,FUZZY-REQUIREMENTS::ATM11-3-attrib
140,FUZZY-REQUIREMENTS::ATM12-1-attrib
141,FUZZY-REQUIREMENTS::ATM12-2-attrib
142,FUZZY-REQUIREMENTS::ATM12-3-attrib
143,FUZZY-REQUIREMENTS::ATM12-4-attrib
144,FUZZY-REQUIREMENTS::ATM12-5-attrib
145,FUZZY-REQUIREMENTS::ATM13-1-attrib
146,FUZZY-REQUIREMENTS::ATM13-2-attrib
147,FUZZY-REQUIREMENTS::ATM13-3-attrib
148,FUZZY-REQUIREMENTS::ATM13-4-attrib
149,FUZZY-REQUIREMENTS::ATM13-5-attrib
150,FUZZY-REQUIREMENTS::ATM14-1-attrib
151,FUZZY-REQUIREMENTS::ATM14-2-attrib
152,FUZZY-REQUIREMENTS::ATM15-1-attrib
153,FUZZY-REQUIREMENTS::ATM15-2-attrib
154,FUZZY-REQUIREMENTS::ATM15-3-attrib
155,FUZZY-REQUIREMENTS::ATM15-4-attrib
156,FUZZY-REQUIREMENTS::ATM15-5-attrib
157,FUZZY-REQUIREMENTS::ATM15-6-attrib
158,FUZZY-REQUIREMENTS::ATM15-7-attrib
159,FUZZY-REQUIREMENTS::ATM15-8-attrib
160,FUZZY-REQUIREMENTS::ATM15-9-attrib
161,FUZZY-REQUIREMENTS::ATM16-1-attrib
162,FUZZY-REQUIREMENTS::ATM16-2-attrib
163,FUZZY-REQUIREMENTS::ATM2-1-attrib
164,FUZZY-REQUIREMENTS::ATM2-2-attrib
165,FUZZY-REQUIREMENTS::ATM3-1-attrib
166,FUZZY-REQUIREMENTS::ATM4-1-attrib
167,FUZZY-REQUIREMENTS::ATM5-1-attrib
168,FUZZY-REQUIREMENTS::ATM6-1-attrib
169,FUZZY-REQUIREMENTS::ATM6-2-attrib
170,FUZZY-REQUIREMENTS::ATM7-1-attrib
171,FUZZY-REQUIREMENTS::ATM7-2-attrib
172,FUZZY-REQUIREMENTS::ATM7-3-attrib
173,FUZZY-REQUIREMENTS::ATM8-1-attrib
174,FUZZY-REQUIREMENTS::ATM8-2-attrib
175,FUZZY-REQUIREMENTS::ATM8-3-attrib
176,FUZZY-REQUIREMENTS::ATM8-4-attrib
177,FUZZY-REQUIREMENTS::ATM8-5-attrib
178,FUZZY-REQUIREMENTS::ATM8-6-attrib
179,FUZZY-REQUIREMENTS::ATM8-7-attrib
180,FUZZY-REQUIREMENTS::ATM8-8-attrib
181,FUZZY-REQUIREMENTS::ATM9-1-attrib
182,FUZZY-REQUIREMENTS::ATM9-2-attrib
183,FUZZY-REQUIREMENTS::ATM9-3-attrib
184,FUZZY-REQUIREMENTS::ATM9-4-attrib
185,FUZZY-REQUIREMENTS::OCE1-1-attrib
186,FUZZY-REQUIREMENTS::OCE10-1-attrib
187,FUZZY-REQUIREMENTS::OCE11-1-attrib
188,FUZZY-REQUIREMENTS::OCE12-1-attrib
189,FUZZY-REQUIREMENTS::OCE13-1-attrib
190,FUZZY-REQUIREMENTS::OCE14-1-attrib
191,FUZZY-REQUIREMENTS::OCE15-1-attrib
192,FUZZY-REQUIREMENTS::OCE16-1-attrib
193,FUZZY-REQUIREMENTS::OCE17-1-attrib
194,FUZZY-REQUIREMENTS::OCE18-1-attrib
195,FUZZY-REQUIREMENTS::OCE2-1-attrib
196,FUZZY-REQUIREMENTS::OCE3-1-attrib
197,FUZZY-REQUIREMENTS::OCE4-1-attrib
198,FUZZY-REQUIREMENTS::OCE4-2-attrib
199,FUZZY-REQUIREMENTS::OCE5-1-attrib
200,FUZZY-REQUIREMENTS::OCE6-1-attrib
201,FUZZY-REQUIREMENTS::OCE7-1-attrib
202,FUZZY-REQUIREMENTS::OCE7-2-attrib
203,FUZZY-REQUIREMENTS::OCE7-3-attrib
204,FUZZY-REQUIREMENTS::OCE8-1-attrib
205,FUZZY-REQUIREMENTS::OCE9-1-attrib
206,FUZZY-REQUIREMENTS::TER1-1-attrib
207,FUZZY-REQUIREMENTS::TER10-1-attrib
208,FUZZY-REQUIREMENTS::TER11-1-attrib
209,FUZZY-REQUIREMENTS::TER12-1-attrib
210,FUZZY-REQUIREMENTS::TER13-1-attrib
211,FUZZY-REQUIREMENTS::TER14-1-attrib
212,FUZZY-REQUIREMENTS::TER15-1-attrib
213,FUZZY-REQUIREMENTS::TER15-2-attrib
214,FUZZY-REQUIREMENTS::TER15-3-attrib
215,FUZZY-REQUIREMENTS::TER16-1-attrib
216,FUZZY-REQUIREMENTS::TER2-1-attrib
217,FUZZY-REQUIREMENTS::TER2-2-attrib
218,FUZZY-REQUIREMENTS::TER3-1-attrib
219,FUZZY-REQUIREMENTS::TER4-1-attrib
220,FUZZY-REQUIREMENTS::TER5-1-attrib
221,FUZZY-REQUIREMENTS::TER6-1-attrib
222,FUZZY-REQUIREMENTS::TER6-2-attrib
223,FUZZY-REQUIREMENTS::TER7-1-attrib
224,FUZZY-REQUIREMENTS::TER8-1-attrib
225,FUZZY-REQUIREMENTS::TER9-1-attrib
226,FUZZY::numerical-to-fuzzy-Accuracy2
227,FUZZY::numerical-to-fuzzy-Horizontal-Spatial-Resolution
228,FUZZY::numerical-to-fuzzy-Horizontal-Spatial-Resolution-Along-track
229,FUZZY::numerical-to-fuzzy-Horizontal-Spatial-Resolution-Cross-track
230,FUZZY::numerical-to-fuzzy-Horizontal-Spatial-Resolution2
231,FUZZY::numerical-to-fuzzy-Swath
232,FUZZY::numerical-to-fuzzy-Temporal-resolution
233,FUZZY::numerical-to-fuzzy-Vertical-Spatial-Resolution
234,LV-SELECTION0::assert-all-possible-lvs
235,LV-SELECTION1::remove-nils
236,LV-SELECTION2::compute-launch-cost
237,LV-SELECTION2::compute-number-of-launches
238,LV-SELECTION3::eliminate-more-expensive-launch-options
239,MANIFEST0::assert-manifested-instruments
240,MANIFEST::ACE_CPR-init-can-measure
241,MANIFEST::ACE_LID-init-can-measure
242,MANIFEST::ACE_ORCA-init-can-measure
243,MANIFEST::ACE_POL-init-can-measure
244,MANIFEST::CLAR_ERB-init-can-measure
245,MANIFEST::CNES_KaRIN-init-can-measure
246,MANIFEST::DESD_LID-init-can-measure
247,MANIFEST::DESD_SAR-init-can-measure
248,MANIFEST::GACM_SWIR-init-can-measure
249,MANIFEST::GACM_VIS-init-can-measure
250,MANIFEST::HYSP_TIR-init-can-measure
251,MANIFEST::POSTEPS_IRS-init-can-measure
252,MANIFEST::adjust-power-with-orbit
253,MANIFEST::calculate-orbit-period
254,MANIFEST::calculate-orbit-semimajor-axis-sat
255,MANIFEST::calculate-satellite-payload-dimensions
256,MANIFEST::compute-SAR-spatial-resolution
257,MANIFEST::compute-altimeter-horizontal-spatial-resolution
258,MANIFEST::compute-cloud-radar-properties-horizontal-spatial-resolution
259,MANIFEST::compute-cloud-radar-properties-swath
260,MANIFEST::compute-cloud-radar-properties-vertical-spatial-resolution
261,MANIFEST::compute-for-from-fov-square
262,MANIFEST::compute-fov-from-angular-res-and-npixels-azimuth
263,MANIFEST::compute-fov-from-angular-res-and-npixels-elevation
264,MANIFEST::compute-fov-from-angular-res-and-npixels-square
265,MANIFEST::compute-hsr-along-track-from-instrument-and-orbit
266,MANIFEST::compute-hsr-cross-track-from-instrument-and-orbit
267,MANIFEST::compute-hsr-from-instrument-and-orbit
268,MANIFEST::compute-revisit-time
269,MANIFEST::compute-sensitivity-to-soil-moisture-in-vegetation
270,MANIFEST::compute-spatial-resolution-and-swath-nadir-looking-no-scanning-imagers
271,MANIFEST::compute-spatial-resolution-and-swath-side-looking-conical-scanning-imagers
272,MANIFEST::compute-spatial-resolution-nadir-and-swath-looking-cross-track-scanning-imagers
273,MANIFEST::estimate-fraction-of-sunlight
274,MANIFEST::estimate-sun-angle
275,MANIFEST::fill-in-hsr-from-directional-hsrs
276,MANIFEST::get-Isp-ADCS
277,MANIFEST::get-Isp-injection
278,MANIFEST::get-instrument-revisit-times-from-database
279,MANIFEST::get-instrument-spectral-bands-from-database
280,MANIFEST::inherit-Instrument-ADCS-requirements-TO-Manifested-instrument
281,MANIFEST::inherit-Instrument-Accuracy#-TO-Manifested-instrument
282,MANIFEST::inherit-Instrument-Accuracy-TO-Manifested-instrument
283,MANIFEST::inherit-Instrument-Accuracy2-TO-Manifested-instrument
284,MANIFEST::inherit-Instrument-All-weather-TO-Manifested-instrument
285,MANIFEST::inherit-Instrument-Angular-resolution#-TO-Manifested-instrument
286,MANIFEST::inherit-Instrument-Angular-resolution-azimuth#-TO-Manifested-instrument
287,MANIFEST::inherit-Instrument-Angular-resolution-elevation#-TO-Manifested-instrument
288,MANIFEST::inherit-Instrument-Aperture#-TO-Manifested-instrument
289,MANIFEST::inherit-Instrument-Aperture-azimuth#-TO-Manifested-instrument
290,MANIFEST::inherit-Instrument-Concept-TO-Manifested-instrument
291,MANIFEST::inherit-Instrument-Day-Night-TO-Manifested-instrument
292,MANIFEST::inherit-Instrument-Doppler-TO-Manifested-instrument
293,MANIFEST::inherit-Instrument-Field-of-regard#-TO-Manifested-instrument
294,MANIFEST::inherit-Instrument-Field-of-view#-TO-Manifested-instrument
295,MANIFEST::inherit-Instrument-Field-of-view-azimuth#-TO-Manifested-instrument
296,MANIFEST::inherit-Instrument-Field-of-view-elevation#-TO-Manifested-instrument
297,MANIFEST::inherit-Instrument-Geometry-TO-Manifested-instrument
298,MANIFEST::inherit-Instrument-High-lat-sensitivity-TO-Manifested-instrument
299,MANIFEST::inherit-Instrument-Horizontal-Spatial-Resolution#-TO-Manifested-instrument
300,MANIFEST::inherit-Instrument-Horizontal-Spatial-Resolution-Along-track#-TO-Manifested-instrument
301,MANIFEST::inherit-Instrument-Horizontal-Spatial-Resolution-Along-track-TO-Manifested-instrument
302,MANIFEST::inherit-Instrument-Horizontal-Spatial-Resolution-Cross-track#-TO-Manifested-instrument
303,MANIFEST::inherit-Instrument-Horizontal-Spatial-Resolution-Cross-track-TO-Manifested-instrument
304,MANIFEST::inherit-Instrument-Horizontal-Spatial-Resolution-TO-Manifested-instrument
305,MANIFEST::inherit-Instrument-Horizontal-Spatial-Resolution2-TO-Manifested-instrument
306,MANIFEST::inherit-Instrument-Illumination-TO-Manifested-instrument
307,MANIFEST::inherit-Instrument-Imaging-TO-Manifested-instrument
308,MANIFEST::inherit-Instrument-Intent-TO-Manifested-instrument
309,MANIFEST::inherit-Instrument-Interferometry-TO-Manifested-instrument
310,MANIFEST::inherit-Instrument-On-board-calibration-TO-Manifested-instrument
311,MANIFEST::inherit-Instrument-Penetration-TO-Manifested-instrument
312,MANIFEST::inherit-Instrument-Pointing-capability-TO-Manifested-instrument
313,MANIFEST::inherit-Instrument-Pointing-requirements-TO-Manifested-instrument
314,MANIFEST::inherit-Instrument-Polarimetry-TO-Manifested-instrument
315,MANIFEST::inherit-Instrument-Priority-TO-Manifested-instrument
316,MANIFEST::inherit-Instrument-Pulse-repetition-frequency#-TO-Manifested-instrument
317,MANIFEST::inherit-Instrument-Radiometric-accuracy#-TO-Manifested-instrument
318,MANIFEST::inherit-Instrument-Radiometric-accuracy-TO-Manifested-instrument
319,MANIFEST::inherit-Instrument-Spectral-region-TO-Manifested-instrument
320,MANIFEST::inherit-Instrument-Spectral-resolution#-TO-Manifested-instrument
321,MANIFEST::inherit-Instrument-Spectral-resolution-TO-Manifested-instrument
322,MANIFEST::inherit-Instrument-Spectral-sampling-TO-Manifested-instrument
323,MANIFEST::inherit-Instrument-Swath#-TO-Manifested-instrument
324,MANIFEST::inherit-Instrument-Swath-TO-Manifested-instrument
325,MANIFEST::inherit-Instrument-Swath2-TO-Manifested-instrument
326,MANIFEST::inherit-Instrument-Technology-Readiness-Level-TO-Manifested-instrument
327,MANIFEST::inherit-Instrument-Temporal-resolution#-TO-Manifested-instrument
328,MANIFEST::inherit-Instrument-Temporal-resolution-TO-Manifested-instrument
329,MANIFEST::inherit-Instrument-Thermal-control-TO-Manifested-instrument
330,MANIFEST::inherit-Instrument-ThreeD-TO-Manifested-instrument
331,MANIFEST::inherit-Instrument-Vertical-Spatial-Resolution#-TO-Manifested-instrument
332,MANIFEST::inherit-Instrument-Vertical-Spatial-Resolution-TO-Manifested-instrument
333,MANIFEST::inherit-Instrument-average-data-rate#-TO-Manifested-instrument
334,MANIFEST::inherit-Instrument-average-power#-TO-Manifested-instrument
335,MANIFEST::inherit-Instrument-band-TO-Manifested-instrument
336,MANIFEST::inherit-Instrument-bandwidth#-TO-Manifested-instrument
337,MANIFEST::inherit-Instrument-characteristic-orbit-TO-Manifested-instrument
338,MANIFEST::inherit-Instrument-characteristic-power#-TO-Manifested-instrument
339,MANIFEST::inherit-Instrument-cost#-TO-Manifested-instrument
340,MANIFEST::inherit-Instrument-developed-by-TO-Manifested-instrument
341,MANIFEST::inherit-Instrument-dimension-x#-TO-Manifested-instrument
342,MANIFEST::inherit-Instrument-dimension-y#-TO-Manifested-instrument
343,MANIFEST::inherit-Instrument-dimension-z#-TO-Manifested-instrument
344,MANIFEST::inherit-Instrument-focal-length#-TO-Manifested-instrument
345,MANIFEST::inherit-Instrument-frequency#-TO-Manifested-instrument
346,MANIFEST::inherit-Instrument-has-deployment-mechanism-TO-Manifested-instrument
347,MANIFEST::inherit-Instrument-mass#-TO-Manifested-instrument
348,MANIFEST::inherit-Instrument-num-of-C-band-channels-TO-Manifested-instrument
349,MANIFEST::inherit-Instrument-num-of-Ka-band-channels-TO-Manifested-instrument
350,MANIFEST::inherit-Instrument-num-of-Ku-band-channels-TO-Manifested-instrument
351,MANIFEST::inherit-Instrument-num-of-L-band-channels-TO-Manifested-instrument
352,MANIFEST::inherit-Instrument-num-of-NIR-channels-TO-Manifested-instrument
353,MANIFEST::inherit-Instrument-num-of-SWIR-channels-TO-Manifested-instrument
354,MANIFEST::inherit-Instrument-num-of-TIR-channels-TO-Manifested-instrument
355,MANIFEST::inherit-Instrument-num-of-UV-channels-TO-Manifested-instrument
356,MANIFEST::inherit-Instrument-num-of-VNIR-channels-TO-Manifested-instrument
357,MANIFEST::inherit-Instrument-num-of-X-band-channels-TO-Manifested-instrument
358,MANIFEST::inherit-Instrument-num-of-mmwave-band-channels-TO-Manifested-instrument
359,MANIFEST::inherit-Instrument-num-pixels#-TO-Manifested-instrument
360,MANIFEST::inherit-Instrument-num-pixels-along-track#-TO-Manifested-instrument
361,MANIFEST::inherit-Instrument-num-pixels-cross-track#-TO-Manifested-instrument
362,MANIFEST::inherit-Instrument-number-of-looks#-TO-Manifested-instrument
363,MANIFEST::inherit-Instrument-off-axis-angle-plus-minus#-TO-Manifested-instrument
364,MANIFEST::inherit-Instrument-peak-data-rate#-TO-Manifested-instrument
365,MANIFEST::inherit-Instrument-peak-power#-TO-Manifested-instrument
366,MANIFEST::inherit-Instrument-rms-system-instrument#-TO-Manifested-instrument
367,MANIFEST::inherit-Instrument-rms-variable-measurement#-TO-Manifested-instrument
368,MANIFEST::inherit-Instrument-scanning-TO-Manifested-instrument
369,MANIFEST::inherit-Instrument-scanning-angle-plus-minus#-TO-Manifested-instrument
370,MANIFEST::inherit-Instrument-sensitivity-NEDT#-TO-Manifested-instrument
371,MANIFEST::inherit-Instrument-sensitivity-dBZ#-TO-Manifested-instrument
372,MANIFEST::inherit-Instrument-sensitivity-in-cirrus-TO-Manifested-instrument
373,MANIFEST::inherit-Instrument-sensitivity-in-convective-clouds-TO-Manifested-instrument
374,MANIFEST::inherit-Instrument-sensitivity-in-low-troposphere-PBL-TO-Manifested-instrument
375,MANIFEST::inherit-Instrument-sensitivity-in-upper-stratosphere-TO-Manifested-instrument
376,MANIFEST::inherit-Instrument-sensitivity-in-upper-troposphere-and-stratosphere-TO-Manifested-instrument
377,MANIFEST::inherit-Instrument-sensitivity-over-lands-TO-Manifested-instrument
378,MANIFEST::inherit-Instrument-sensitivity-over-oceans-TO-Manifested-instrument
379,MANIFEST::inherit-Mission-launch-date-TO-Manifested-instrument
380,MANIFEST::inherit-Mission-lifetime-TO-Manifested-instrument
381,MANIFEST::inherit-Mission-mission-architecture-TO-Manifested-instrument
382,MANIFEST::inherit-Mission-num-of-planes#-TO-Manifested-instrument
383,MANIFEST::inherit-Mission-num-of-sats-per-plane#-TO-Manifested-instrument
384,MANIFEST::inherit-Mission-orbit-RAAN-TO-Manifested-instrument
385,MANIFEST::inherit-Mission-orbit-altitude#-TO-Manifested-instrument
386,MANIFEST::inherit-Mission-orbit-anomaly#-TO-Manifested-instrument
387,MANIFEST::inherit-Mission-orbit-inclination-TO-Manifested-instrument
388,MANIFEST::inherit-Mission-orbit-string-TO-Manifested-instrument
389,MANIFEST::inherit-Mission-orbit-type-TO-Manifested-instrument
390,MANIFEST::populate-payload-data-rate
391,MANIFEST::populate-payload-dimensions
392,MANIFEST::populate-payload-mass
393,MANIFEST::populate-payload-peak-power
394,MANIFEST::populate-payload-power
395,MANIFEST::put-ADCS-values-by-default
396,MASS-BUDGET::add-launch-adapter
397,MASS-BUDGET::compute-deltaV-ADCS
398,MASS-BUDGET::compute-deltaV-deorbiting-drag-based
399,MASS-BUDGET::compute-deltaV-deorbiting-graveyard
400,MASS-BUDGET::compute-deltaV-drag
401,MASS-BUDGET::compute-deltaV-injection
402,MASS-BUDGET::compute-deltaV-total
403,MASS-BUDGET::compute-propellant-mass
404,MASS-BUDGET::design-ADCS
405,MASS-BUDGET::design-EPS
406,MASS-BUDGET::design-avionics-subsystem
407,MASS-BUDGET::design-propulsion-AKM
408,MASS-BUDGET::design-structure-subsystem
409,MASS-BUDGET::design-thermal-subsystem
410,MASS-BUDGET::drag-based-deorbiting-mode
411,MASS-BUDGET::estimate-depth-of-discharge
412,MASS-BUDGET::estimate-drag-coefficient
413,MASS-BUDGET::estimate-residual-dipole
414,MASS-BUDGET::graveyard-deorbiting-mode
415,MASS-BUDGET::set-ADCS-type
416,PRELIM-MASS-BUDGET::estimate-bus-mass-from-payload-mass
417,PRELIM-MASS-BUDGET::estimate-dimensions
418,PRELIM-MASS-BUDGET::estimate-moments-of-inertia
419,PRELIM-MASS-BUDGET::estimate-satellite-dry-mass
420,REASONING::if-full-then-clear-partials
421,REASONING::subobj-fully-satisfied
422,REASONING::subobj-partially-satisfied
423,SEARCH-HEURISTICS::improve-orbit
424,SYNERGIES-ACROSS-ORBITS::AM-PM-diurnal-cycle
425,SYNERGIES::AOD-lidar-passive-combination
426,SYNERGIES::CERES-sampling-multiple-angles-LW
427,SYNERGIES::CERES-sampling-multiple-angles-SW
428,SYNERGIES::CERES-sampling-single-angle-LW
429,SYNERGIES::CERES-sampling-single-angle-SW
430,SYNERGIES::CERES-sampling-time-LW2
431,SYNERGIES::CERES-sampling-time-LW3
432,SYNERGIES::CERES-sampling-time-SW2
433,SYNERGIES::CERES-sampling-time-SW3
434,SYNERGIES::CO2-pressure-error
435,SYNERGIES::CO2-temperature-error
436,SYNERGIES::GRAVITY-measurements2
437,SYNERGIES::HSR-TR-ThreeD-combination-scheme
438,SYNERGIES::MW-and-IR-sounders-tropo-sensitivity
439,SYNERGIES::NOx-strategy
440,SYNERGIES::SMAP-spatial-disaggregation
441,SYNERGIES::SO2-strategy
442,SYNERGIES::add-all-weather-capability
443,SYNERGIES::add-cloud-mask
444,SYNERGIES::add-multi-angular-capability
445,SYNERGIES::add-sensitivity-in-cirrus-from-mmw-measurement
446,SYNERGIES::add-sensitivity-in-convective-clouds
447,SYNERGIES::atmospheric-humidity-sounding-strategy
448,SYNERGIES::black-carbon-from-aerosols
449,SYNERGIES::black-carbon-strategy
450,SYNERGIES::carbon-net-ecosystem-exchange
451,SYNERGIES::clouds-and-aerosols
452,SYNERGIES::clouds-and-radiation
453,SYNERGIES::clouds-and-radiation2
454,SYNERGIES::clouds-and-radiation3
455,SYNERGIES::column-and-profile-ozone-measurements
456,SYNERGIES::column-vs-profile-chemistry-measurements
457,SYNERGIES::count-num-soundings-per-day
458,SYNERGIES::count-num-soundings-per-day-when-nil
459,SYNERGIES::cross-instrument-calibration-heritage-SCLP
460,SYNERGIES::dry-atmosphere-correction-for-ocean-altimetry
461,SYNERGIES::dry-atmosphere-correction-for-ocean-color
462,SYNERGIES::fire-monitoring
463,SYNERGIES::fire-monitoring-bands
464,SYNERGIES::flood-monitoring-from-hires-topography
465,SYNERGIES::formaldehyde-strategy
466,SYNERGIES::glacier-mass-balance-from-gravity
467,SYNERGIES::groundwater-storage-from-gravity
468,SYNERGIES::hydrocarbon-reservoir-monitoring-from-surface-deformation
469,SYNERGIES::ice-cover-2freqs
470,SYNERGIES::ice-cover-3freqs
471,SYNERGIES::mmw-sounders-rain-rates-hurricanes
472,SYNERGIES::num-soundings-per-day-add
473,SYNERGIES::ocean-mass-distribution-from-gravity
474,SYNERGIES::ocean-salinity-space-average
475,SYNERGIES::ocean-wind-space-average
476,SYNERGIES::ocean-wind-vector-atmospheric-correction
477,SYNERGIES::ocean-wind-vector-complete
478,SYNERGIES::ocean-wind-vector-sensitivity-high-winds
479,SYNERGIES::ocean-wind-vector-sensitivity-in-rain
480,SYNERGIES::ozone
481,SYNERGIES::pointing-capability
482,SYNERGIES::radiation-budget-err-total-LW
483,SYNERGIES::radiation-budget-err-total-SW
484,SYNERGIES::raz-synergy-levels
485,SYNERGIES::river-plumes-from-ocean-color
486,SYNERGIES::sea-surface-winds-combining-SAR-and-scatterometer
487,SYNERGIES::sea-surface-winds-with-high-winds
488,SYNERGIES::seafloor-topography
489,SYNERGIES::sensitivity-over-oceans
490,SYNERGIES::several-lidars-for-aerosols
491,SYNERGIES::snow-cover-2freqs
492,SYNERGIES::snow-cover-3freqs
493,SYNERGIES::spatial-averaging
494,SYNERGIES::spatial-disaggregation
495,SYNERGIES::spatial-disaggregation-hyperspectral
496,SYNERGIES::surface-composition-in-all-spectrum
497,SYNERGIES::temperature-sounding-suite
498,SYNERGIES::time-averaging
499,SYNERGIES::tropo-vs-strato-chemistry-measurements
500,SYNERGIES::tropospheric-pollution-GHG-and-aerosols
501,SYNERGIES::visible-atmospheric-plume-from-aerosols
502,SYNERGIES::water-vapor-transport-strategy
503,UPDATE-MASS-BUDGET::update-dimensions
504,UPDATE-MASS-BUDGET::update-dry-mass
505,UPDATE-MASS-BUDGET::update-moments-of-inertia
